Index,Time,l_side.T_wheel,((driven[1])->measure).speed_rads
0,0.000000,0,0
1,0.023000,0,0
2,0.046000,0,0
3,0.071000,0,0
4,0.095000,0,0
5,0.120000,0,0
6,0.152000,0,0
7,0.175000,0,0
8,0.200000,0.00500000035,0
9,0.227000,0.0184999965,0
10,0.250000,0.029999977,0
11,0.274000,0.0419999957,1.68983178e-07
12,0.304000,0.0575000271,7.39965338e-20
13,0.333000,0.0715000555,0.0174455829
14,0.357000,0.0835000798,0.0175045133
15,0.380000,0.0950001031,0.00256792433
16,0.403000,0.107000127,1.69641268e-07
17,0.427000,0.119000152,2.20102901e-17
18,0.454000,0.132500067,0.0174455829
19,0.491000,0.150499836,0.0326300673
20,0.518000,0.163999662,0.0174533185
21,0.555000,0.182499424,0.0174532924
22,0.578000,0.194499269,0.019729808
23,0.602000,0.205999121,0.0349065587
24,0.625000,0.217498973,0.0523011424
25,0.648000,0.228998825,0.0846484751
26,0.671000,0.240498677,0.137006998
27,0.697000,0.253998518,0.325914592
28,0.724000,0.267498344,0.846431851
29,0.748000,0.27949819,1.23565066
30,0.772000,0.291498035,1.98554277
31,0.802000,0.305997849,3.88679075
32,0.831000,0.320497662,3.83188248
33,0.854000,0.331997514,4.69443178
34,0.878000,0.343997359,5.3838172
35,0.902000,0.355997205,6.37289619
36,0.925000,0.36799705,7.39957237
37,0.953000,0.381496876,8.48391819
38,0.982000,0.396496683,9.7262125
39,1.007000,0.408996522,10.8200827
40,1.054000,0.431996226,13.1417637
41,1.077000,0.443496078,14.4827938
42,1.100000,0.456495911,15.8128414
43,1.126000,0.468495756,17.1350212
44,1.150000,0.480495602,18.409647
45,1.174000,0.491995454,19.7556381
46,1.197000,0.503495514,20.9228439
47,1.224000,0.516996145,22.8076878
48,1.247000,0.528996706,24.3776207
49,1.271000,0.540997267,25.8233566
50,1.297000,0.553997874,27.4094639
51,1.330000,0.569998622,29.7096691
52,1.353000,0.581499159,31.4891224
53,1.383000,0.59649986,33.657135
54,1.407000,0.609000444,35.1812668
55,1.437000,0.623501122,37.5609932
56,1.465000,0.637501776,39.8674393
57,1.488000,0.649002314,41.4374008
58,1.512000,0.661502898,43.5318985
59,1.541000,0.676003575,46.0036011
60,1.576000,0.693504393,47.5485497
61,1.601000,0.705504954,48.1795044
62,1.625000,0.718005538,48.0803528
63,1.649000,0.730006099,48.4701157
64,1.672000,0.741506636,48.5631676
65,1.700000,0.755007267,48.3341408
66,1.727000,0.768507898,48.5608215
67,1.753000,0.781508505,48.4039993
68,1.776000,0.793009043,48.4993439
69,1.806000,0.808509767,48.5513382
70,1.835000,0.822510421,48.4523087
71,1.858000,0.834010959,48.6524467
72,1.882000,0.846011519,48.3921852
73,1.907000,0.85801208,48.6280479
74,1.931000,0.870512664,48.7019577
75,1.958000,0.884013295,48.3546448
76,1.983000,0.897013903,48.6151657
77,2.007000,0.90851444,48.5550461
78,2.035000,0.922515094,48.5468178
79,2.062000,0.935515702,48.6901932
80,2.085000,0.948016286,48.3031273
81,2.109000,0.960016847,48.6531067
82,2.133000,0.971517384,48.5538673
83,2.162000,0.986018062,48.500042
84,2.185000,0.998018622,48.708252
85,2.218000,0.985999346,48.3885841
86,2.243000,0.973498762,48.6332245
87,2.272000,0.958998084,48.3281174
88,2.307000,0.941497266,48.6811256
89,2.332000,0.928996682,48.5256958
90,2.355000,0.916996121,48.5034027
91,2.379000,0.905495584,48.7235222
92,2.403000,0.892995,48.2996559
93,2.427000,0.881494462,48.717308
94,2.454000,0.867993832,48.5893478
95,2.489000,0.850493014,48.608654
96,2.516000,0.836992383,48.6158905
97,2.542000,0.823491752,48.4760132
98,2.566000,0.811991215,48.6478004
99,2.591000,0.799490631,48.5258293
100,2.614000,0.787990093,48.4993439
101,2.645000,0.771989346,48.6610451
102,2.673000,0.758488715,48.4785614
103,2.701000,0.74448806,48.7232513
104,2.727000,0.731487453,48.3007736
105,2.754000,0.717986822,48.7316475
106,2.778000,0.705486238,48.5890579
107,2.802000,0.693485677,48.4812279
108,2.826000,0.68198514,48.6405945
109,2.850000,0.669984579,48.5087776
110,2.876000,0.656983972,48.5144615
111,2.903000,0.642983317,48.6468811
112,2.931000,0.629482687,48.4763031
113,2.955000,0.617482126,48.6306839
114,2.979000,0.604981542,48.4909363
115,3.005000,0.592480958,48.5569687
116,3.033000,0.57798028,48.646553
117,3.058000,0.565979719,48.4213867
118,3.082000,0.553479135,48.6481247
119,3.106000,0.541978598,48.5257378
120,3.134000,0.527977943,48.5936928
121,3.161000,0.514477313,48.6660538
122,3.192000,0.498976678,48.4869194
123,3.237000,0.476476967,48.5257797
124,3.260000,0.464477122,48.4967155
125,3.284000,0.452477276,48.708622
126,3.308000,0.440977424,48.3325996
127,3.332000,0.428977579,48.721981
128,3.361000,0.414477766,48.5716133
129,3.385000,0.401977926,48.4637222
130,3.417000,0.386478126,48.7312889
131,3.451000,0.369478345,48.484642
132,3.481000,0.354478538,48.7313423
133,3.506000,0.341978699,48.3386993
134,3.531000,0.328978866,48.6512146
135,3.555000,0.316979021,48.5886154
136,3.579000,0.305479169,48.479351
137,3.602000,0.293979317,48.6557541
138,3.630000,0.279479504,48.3533478
139,3.657000,0.265979677,48.7046585
140,3.683000,0.253479838,48.559742
141,3.716000,0.236980051,48.595993
142,3.753000,0.218480289,48.558033
143,3.776000,0.206980437,48.4848137
144,3.800000,0.194980592,48.6562157
145,3.822000,0.183980733,48.3800774
146,3.846000,0.171980888,48.5641708
147,3.869000,0.159981042,48.7317429
148,3.897000,0.146481216,48.3589745
149,3.924000,0.132481396,48.6454697
150,3.983000,0.103481442,48.8326912
151,4.005000,0.0919814184,48.6188278
152,4.029000,0.0804813951,48.5090485
153,4.053000,0.0689813718,48.6679153
154,4.076000,0.0569813475,48.4066849
155,4.099000,0.0449813232,48.1717911
156,4.124000,0.0329812989,47.9320221
157,4.152000,0.0189813171,46.9675598
158,4.179000,0.00548132043,46.9597511
159,4.202000,-0.00601868099,46.1869888
160,4.247000,-0.02851866,45.3117905
161,4.272000,-0.041018676,44.2754021
162,4.294000,-0.0525186993,43.2664833
163,4.319000,-0.0645187199,42.9912033
164,4.343000,-0.0765187442,42.2569809
165,4.367000,-0.0885187685,41.2271729
166,4.395000,-0.102518797,40.7481041
167,4.421000,-0.115518823,39.5205383
168,4.453000,-0.132018745,38.2311478
169,4.495000,-0.152018487,36.6994667
170,4.519000,-0.16501832,35.4137535
171,4.543000,-0.176518172,34.3258095
172,4.567000,-0.188518018,33.3921051
173,4.591000,-0.200517863,32.1210289
174,4.614000,-0.212517709,30.7241173
175,4.640000,-0.225017548,29.4115696
176,4.667000,-0.239017367,28.1030998
177,4.692000,-0.250517219,26.7591
178,4.728000,-0.269016981,24.3514576
179,4.755000,-0.283016801,22.6676655
180,4.780000,-0.294516653,21.2947311
181,4.804000,-0.307516485,19.79916
182,4.828000,-0.319516331,18.1703663
183,4.852000,-0.331516176,16.4164124
184,4.877000,-0.343516022,14.737689
185,4.904000,-0.357015848,12.7158689
186,4.940000,-0.375015616,10.2348757
187,4.975000,-0.392515391,7.63466787
188,5.003000,-0.407015204,5.42071962
189,5.028000,-0.41901505,3.59568477
190,5.051000,-0.430514902,1.43008292
191,5.074000,-0.442514747,-0.600546837
192,5.098000,-0.454514593,-2.30188394
193,5.121000,-0.466014445,-3.64663315
194,5.148000,-0.479514271,-5.21441936
195,5.172000,-0.491014123,-6.56134987
196,5.195000,-0.503014147,-7.99507141
197,5.225000,-0.517014802,-9.80503654
198,5.259000,-0.534515619,-12.0733919
199,5.284000,-0.547016203,-13.6269159
200,5.306000,-0.558516741,-15.364152
201,5.331000,-0.570517302,-17.0472641
202,5.355000,-0.582517862,-18.8589172
203,5.380000,-0.595018446,-20.5579147
204,5.406000,-0.608519077,-22.6380386
205,5.433000,-0.622019708,-24.5286598
206,5.457000,-0.633520246,-26.5452118
207,5.502000,-0.65652132,-30.3095684
208,5.526000,-0.668021858,-31.930233
209,5.549000,-0.680022418,-33.9679565
210,5.574000,-0.692022979,-36.2351532
211,5.597000,-0.703523517,-38.3811378
212,5.620000,-0.715024054,-40.2457008
213,5.643000,-0.727024615,-42.4965706
214,5.680000,-0.745025456,-45.7574234
215,5.715000,-0.762526274,-47.5883522
216,5.743000,-0.776526928,-48.1861725
217,5.767000,-0.788527489,-48.0682716
218,5.790000,-0.800028026,-48.5625076
219,5.813000,-0.812028587,-48.3730736
220,5.837000,-0.824029148,-48.4207344
221,5.862000,-0.836029708,-48.6957626
222,5.887000,-0.848530293,-48.312912
223,5.915000,-0.862530947,-48.6462936
224,5.941000,-0.875531554,-48.5371552
225,5.970000,-0.890032232,-48.565506
226,5.995000,-0.902532816,-48.6762199
227,6.024000,-0.917033494,-48.3306084
228,6.048000,-0.929534078,-48.8071823
229,6.073000,-0.941534638,-48.4953156
230,6.097000,-0.953535199,-48.5780792
231,6.120000,-0.965035737,-48.7551422
232,6.147000,-0.978536367,-48.3611145
233,6.172000,-0.991536975,-48.6366959
234,6.196000,-0.99699986,-48.6683006
235,6.222000,-0.983499229,-48.458931
236,6.250000,-0.969998598,-48.6904755
237,6.274000,-0.957498014,-48.3455849
238,6.299000,-0.945497453,-48.5747795
239,6.322000,-0.933496892,-48.7295036
240,6.346000,-0.921496332,-48.4136543
241,6.371000,-0.909495771,-48.7526131
242,6.397000,-0.89599514,-48.3454781
243,6.429000,-0.880494416,-48.6070213
244,6.456000,-0.866993785,-48.5864944
245,6.493000,-0.84849292,-48.5629578
246,6.517000,-0.83649236,-48.6646919
247,6.540000,-0.824991822,-48.3241501
248,6.564000,-0.813491285,-48.7172089
249,6.586000,-0.801490724,-48.5697289
250,6.610000,-0.789990187,-48.4105644
251,6.633000,-0.778489649,-48.7976685
252,6.657000,-0.766489089,-48.3227119
253,6.682000,-0.753988504,-48.5722351
254,6.706000,-0.741987944,-48.7427826
255,6.732000,-0.728987336,-48.3867607
256,6.760000,-0.714986682,-48.7548409
257,6.783000,-0.703486145,-48.4414062
258,6.807000,-0.69098556,-48.5824356
259,6.832000,-0.678484976,-48.7228317
260,6.857000,-0.665984392,-48.4647484
261,6.882000,-0.653983831,-48.5751762
262,6.909000,-0.640483201,-48.5644836
263,6.937000,-0.625982523,-48.5575562
264,6.962000,-0.613981962,-48.76614
265,6.994000,-0.597981215,-48.3825989
266,7.025000,-0.58248049,-48.7481842
267,7.048000,-0.570979953,-48.3423424
268,7.072000,-0.558979392,-48.5754814
269,7.095000,-0.546978831,-48.7318115
270,7.121000,-0.534478247,-48.3845863
271,7.146000,-0.52147764,-48.7574577
272,7.178000,-0.505976915,-48.3733864
273,7.209000,-0.490476787,-48.7153244
274,7.249000,-0.469977051,-48.4079971
275,7.272000,-0.458977193,-48.6659775
276,7.296000,-0.446477354,-48.5518723
277,7.320000,-0.434477508,-48.3844643
278,7.343000,-0.422977656,-48.8398972
279,7.367000,-0.410977811,-48.3754578
280,7.395000,-0.397477984,-48.5802765
281,7.424000,-0.382978171,-48.5986023
282,7.448000,-0.370978326,-48.2957039
283,7.494000,-0.347978622,-48.5156517
284,7.518000,-0.335478783,-48.5776291
285,7.544000,-0.322978944,-48.7179222
286,7.567000,-0.311479092,-48.3478775
287,7.595000,-0.296979278,-48.7324257
288,7.620000,-0.284479439,-48.5545998
289,7.649000,-0.27047962,-48.5828476
290,7.678000,-0.255979806,-48.6643105
291,7.715000,-0.237480044,-48.5854301
292,7.746000,-0.221980244,-48.6972961
293,7.769000,-0.210480392,-48.414093
294,7.793000,-0.197980553,-48.7202682
295,7.817000,-0.186480701,-48.3984985
296,7.840000,-0.174480855,-48.5223808
297,7.869000,-0.160481036,-48.713356
298,7.892000,-0.14848119,-48.4647598
299,7.918000,-0.135981351,-48.663765
300,7.942000,-0.123981483,-48.6802216
301,7.969000,-0.110481456,-48.5070267
302,7.995000,-0.0969814286,-48.8203468
303,8.020000,-0.0849814042,-48.5170937
304,8.044000,-0.0729813799,-48.6085739
305,8.067000,-0.0614813566,-48.6276474
306,8.091000,-0.0494813323,-47.8995056
307,8.114000,-0.037981309,-48.0826454
308,8.140000,-0.0249813069,-47.336422
309,8.163000,-0.0134813217,-46.8057747
310,8.188000,-0.000981319696,-46.5199738
311,8.217000,0.0135186817,-45.4550247
312,8.252000,0.0310186557,-45.0669708
313,8.275000,0.0425186791,-44.1452141
314,8.298000,0.0540187024,-42.903183
315,8.322000,0.0655187219,-42.277832
316,8.346000,0.0780187473,-42.0204315
317,8.370000,0.0900187716,-41.0086479
318,8.397000,0.103518799,-40.3713226
319,8.422000,0.116518825,-39.3205299
320,8.446000,0.12851879,-38.1548309
321,8.474000,0.142018616,-37.1582985
322,8.497000,0.153518468,-36.2578278
323,8.524000,0.167018294,-34.7437935
324,8.549000,0.179518133,-33.8110466
325,8.573000,0.191517979,-32.7743263
326,8.597000,0.203017831,-31.4692078
327,8.620000,0.215017676,-30.0687847
328,8.647000,0.228517503,-28.6711559
329,8.678000,0.244017303,-27.1727943
330,8.704000,0.257517129,-25.4443417
331,8.741000,0.275516897,-23.126585
332,8.765000,0.287516743,-21.6484261
333,8.789000,0.300016582,-20.3022671
334,8.813000,0.311516434,-18.6965923
335,8.836000,0.323016286,-17.3055573
336,8.860000,0.335016131,-15.5053291
337,8.884000,0.347015977,-13.660964
338,8.911000,0.360515803,-11.6865168
339,8.934000,0.372015655,-10.0053568
340,8.958000,0.384515494,-8.20802689
341,8.999000,0.404515237,-5.13885593
342,9.023000,0.416515082,-3.15493941
343,9.046000,0.428514928,-1.09540069
344,9.069000,0.44001478,0.60327667
345,9.092000,0.451014638,2.21245241
346,9.116000,0.463014483,3.66592622
347,9.143000,0.47651431,5.19436836
348,9.169000,0.490014136,6.89257193
349,9.193000,0.502014101,8.28398037
350,9.223000,0.516514778,10.0961733
351,9.258000,0.534015596,12.3679829
352,9.281000,0.545516133,13.9908085
353,9.304000,0.557016671,15.7377796
354,9.330000,0.570017278,17.3990498
355,9.353000,0.581517816,19.1731262
356,9.377000,0.593518376,20.7830296
357,9.404000,0.607019007,22.8225136
358,9.434000,0.622019708,25.1720829
359,9.458000,0.634020269,27.2831478
360,9.484000,0.647020876,29.4827747
361,9.512000,0.661021531,31.4553909
362,9.536000,0.672522068,33.5086021
363,9.559000,0.684522629,35.8526459
364,9.582000,0.696023166,37.7472153
365,9.606000,0.708023727,39.5787849
366,9.629000,0.719524264,41.912529
367,9.656000,0.733024895,44.3899841
368,9.682000,0.746525526,46.3608246
369,9.705000,0.758026063,47.7335739
370,9.750000,0.780527115,48.0571213
371,9.774000,0.792027652,48.4837723
372,9.797000,0.80352819,48.4005051
373,9.821000,0.81552875,48.3650322
374,9.845000,0.827529311,48.5999794
375,9.869000,0.839529872,48.4066162
376,9.897000,0.853530526,48.6871719
377,9.927000,0.868531227,48.5697594
378,9.977000,0.893532395,48.6912575
379,10.003000,0.906533003,48.2847595
380,10.027000,0.918533564,48.7379761
381,10.055000,0.933034241,48.5734367
382,10.079000,0.944034755,48.4514694
383,10.102000,0.956035316,48.57621
384,10.130000,0.97003597,48.3481903
385,10.156000,0.983036578,48.7228394
386,10.183000,0.996537209,48.5545006
387,10.235000,0.977998972,48.6883316
388,10.258000,0.965498388,48.3256111
389,10.281000,0.954497874,48.6086464
390,10.305000,0.942497313,48.7187347
391,10.329000,0.930496752,48.2574234
392,10.351000,0.919496238,48.7050629
393,10.374000,0.907495677,48.5513916
394,10.402000,0.893495023,48.4694214
395,10.438000,0.875994205,48.6636124
396,10.468000,0.860993505,48.453186
397,10.496000,0.84699285,48.7561111
398,10.519000,0.835492313,48.3184929
399,10.543000,0.822991729,48.7021332
400,10.567000,0.811491191,48.6443367
401,10.591000,0.799490631,48.3589134
402,10.614000,0.787990093,48.6508827
403,10.641000,0.774489462,48.5227852
404,10.668000,0.760988832,48.501976
405,10.694000,0.747988224,48.7191277
406,10.718000,0.736487687,48.2849197
407,10.756000,0.716486752,48.7161179
408,10.779000,0.704986215,48.2673645
409,10.804000,0.692985654,48.7183533
410,10.828000,0.680985093,48.6184464
411,10.851000,0.669484556,48.3691139
412,10.878000,0.655483902,48.6379051
413,10.905000,0.642483294,48.3455048
414,10.931000,0.629482687,48.664917
415,10.958000,0.615482032,48.5715599
416,10.989000,0.600481331,48.4655495
417,11.014000,0.587980747,48.720787
418,11.037000,0.57648021,48.2807007
419,11.060000,0.564979672,48.7199097
420,11.084000,0.552479088,48.5988274
421,11.109000,0.540478528,48.4037361
422,11.131000,0.52897799,48.6694221
423,11.155000,0.517477453,48.5404739
424,11.190000,0.499976665,48.679287
425,11.218000,0.485976845,48.5422897
426,11.250000,0.469977051,48.5589714
427,11.273000,0.458477199,48.7408905
428,11.296000,0.446477354,48.26437
429,11.319000,0.435477495,48.702076
430,11.343000,0.42347765,48.6292191
431,11.367000,0.411977798,48.3389015
432,11.392000,0.398477972,48.651062
433,11.424000,0.382978171,48.2836075
434,11.451000,0.369478345,48.7581863
435,11.487000,0.350978583,48.3455811
436,11.511000,0.339478731,48.6150284
437,11.534000,0.327978879,48.6530533
438,11.557000,0.316479027,48.2742004
439,11.581000,0.304479182,48.7285309
440,11.605000,0.292479336,48.5422745
441,11.631000,0.27897951,48.434845
442,11.659000,0.265479684,48.7230644
443,11.682000,0.252979845,48.279213
444,11.709000,0.240979999,48.7077293
445,11.755000,0.217480302,48.3737488
446,11.778000,0.206480443,48.7168198
447,11.807000,0.191480637,48.4957275
448,11.831000,0.179480791,48.5326996
449,11.855000,0.167480946,48.7587357
450,11.879000,0.154481113,48.2893181
451,11.908000,0.140981287,48.6724281
452,11.935000,0.127481461,48.5603561
453,11.958000,0.115481466,48.5543022
454,11.982000,0.103481442,48.7761917
455,12.008000,0.0904814154,48.3299675
456,12.041000,0.074481383,48.652256
457,12.065000,0.0624813586,48.4613152
458,12.088000,0.0504813343,48.3453407
459,12.112000,0.03848131,48.174057
460,12.143000,0.0234813094,47.2232018
461,12.167000,0.0119813215,47.1433945
462,12.193000,-0.00151868048,46.3004379
463,12.216000,-0.0135186817,45.610302
464,12.259000,-0.0345186628,44.5556297
465,12.283000,-0.0465186872,43.7033348
466,12.306000,-0.0580187105,43.4647102
467,12.329000,-0.06951873,42.6815147
468,12.353000,-0.0815187544,41.7467422
469,12.376000,-0.0930187777,41.4523582
470,12.403000,-0.106518805,40.2833214
471,12.433000,-0.122018836,38.9641685
472,12.485000,-0.147518545,37.0370865
473,12.509000,-0.159018397,35.695488
474,12.531000,-0.170518249,34.9757767
475,12.555000,-0.182518095,33.9179382
476,12.578000,-0.193517953,32.7513962
477,12.601000,-0.205517799,31.3671322
478,12.626000,-0.218517631,30.2419624
479,12.654000,-0.232017457,28.9421825
480,12.679000,-0.244517297,27.3892345
481,12.708000,-0.25901711,25.6145515
482,12.738000,-0.274016917,23.8475838
483,12.762000,-0.286016762,22.5829678
484,12.786000,-0.298016608,21.0391216
485,12.808000,-0.30951646,19.5076904
486,12.836000,-0.322516292,17.7043228
487,12.870000,-0.340016067,15.156353
488,12.920000,-0.365515739,11.6739006
489,12.944000,-0.377015591,9.96035671
490,12.974000,-0.392015398,7.78884697
491,12.998000,-0.404015243,5.99407196
492,13.022000,-0.416015089,3.9900198
493,13.046000,-0.428014934,1.89835858
494,13.074000,-0.442514747,-0.530391037
495,13.101000,-0.456014574,-2.37214851
496,13.133000,-0.471514374,-4.28914881
497,13.157000,-0.483014226,-5.68303251
498,13.184000,-0.496514052,-7.27347374
499,13.210000,-0.510514498,-8.94905758
500,13.237000,-0.523515105,-10.638937
501,13.261000,-0.535515666,-12.1741734
502,13.285000,-0.54801625,-13.6788168
503,13.309000,-0.559016764,-15.3887825
504,13.335000,-0.572517395,-17.2209797
505,13.363000,-0.586518049,-19.3655663
506,13.386000,-0.598018587,-21.177578
507,13.414000,-0.612519264,-23.1760788
508,13.444000,-0.627519965,-25.3175278
509,13.468000,-0.639520526,-27.3342724
510,13.492000,-0.651021063,-29.2937317
511,13.515000,-0.663021624,-31.4215202
512,13.540000,-0.675022185,-33.2435417
513,13.563000,-0.686522722,-35.1772652
514,13.590000,-0.700023353,-37.7537651
515,13.625000,-0.717524171,-40.6876221
516,13.653000,-0.731024802,-43.3084412
517,13.689000,-0.749525666,-46.7296181
518,13.712000,-0.761526227,-47.3980637
519,13.736000,-0.773026764,-48.1536636
520,13.760000,-0.785027325,-48.1701317
521,13.783000,-0.796527863,-48.193924
522,13.807000,-0.808528423,-48.6728287
523,13.835000,-0.822529078,-48.3275299
524,13.861000,-0.835529685,-48.5030823
525,13.886000,-0.848030269,-48.5736237
526,13.913000,-0.8615309,-48.3183975
527,13.950000,-0.880031765,-48.697197
528,13.975000,-0.892532349,-48.3655319
529,13.999000,-0.904532909,-48.7704315
530,14.023000,-0.91653347,-48.3632622
531,14.046000,-0.928534031,-48.5597229
532,14.071000,-0.940534592,-48.7360916
533,14.106000,-0.958035409,-48.3655548
534,14.129000,-0.969535947,-48.8226852
535,14.174000,-0.992036998,-48.419117
536,14.197000,-0.996499836,-48.7743683
537,14.221000,-0.984499276,-48.4263954
538,14.244000,-0.972998738,-48.6068153
539,14.268000,-0.960998178,-48.6618233
540,14.291000,-0.94949764,-48.3607178
541,14.313000,-0.937997103,-48.5873222
542,14.339000,-0.925496519,-48.6995163
543,14.367000,-0.911995888,-48.4565926
544,14.394000,-0.897995234,-48.7459068
545,14.430000,-0.879994392,-48.3430748
546,14.454000,-0.867993832,-48.8421707
547,14.479000,-0.855493248,-48.4168396
548,14.503000,-0.842992663,-48.6037483
549,14.527000,-0.831492126,-48.6929321
550,14.551000,-0.819491565,-48.3953438
551,14.576000,-0.806990981,-48.6143494
552,14.603000,-0.793990374,-48.5152588
553,14.633000,-0.778489649,-48.5548477
554,14.658000,-0.765989065,-48.6581421
555,14.690000,-0.750488341,-48.4200974
556,14.713000,-0.73848778,-48.8054123
557,14.739000,-0.725487173,-48.4108582
558,14.763000,-0.713486612,-48.5601425
559,14.786000,-0.701986074,-48.6594925
560,14.809000,-0.690485537,-48.3581619
561,14.837000,-0.676484883,-48.7196579
562,14.864000,-0.662984252,-48.4455833
563,14.887000,-0.651483715,-48.543232
564,14.916000,-0.636983037,-48.6754875
565,14.941000,-0.624482453,-48.3010597
566,14.969000,-0.610481799,-48.7923355
567,14.993000,-0.597981215,-48.4251862
568,15.022000,-0.58398056,-48.5579796
569,15.046000,-0.572480023,-48.630291
570,15.068000,-0.560979486,-48.3327217
571,15.095000,-0.547478855,-48.7193642
572,15.132000,-0.529478014,-48.4672966
573,15.154000,-0.517977476,-48.5531464
574,15.184000,-0.502476752,-48.4432831
575,15.208000,-0.490976781,-48.4168472
576,15.233000,-0.478476942,-48.7704201
577,15.256000,-0.46697709,-48.3993835
578,15.284000,-0.45297727,-48.5555077
579,15.308000,-0.440477431,-48.644989
580,15.332000,-0.428977579,-48.2975998
581,15.359000,-0.414977759,-48.8177414
582,15.395000,-0.397477984,-48.3646927
583,15.422000,-0.383478165,-48.7953873
584,15.455000,-0.367478371,-48.3759537
585,15.478000,-0.355978519,-48.5895691
586,15.502000,-0.344478667,-48.7269363
587,15.524000,-0.332478821,-48.3620758
588,15.548000,-0.320978969,-48.698307
589,15.572000,-0.308979124,-48.4870682
590,15.598000,-0.295479298,-48.580162
591,15.626000,-0.281979471,-48.7249908
592,15.649000,-0.27047962,-48.4602585
593,15.678000,-0.255979806,-48.7004318
594,15.713000,-0.238480031,-48.3610764
595,15.736000,-0.22698018,-48.5940781
596,15.761000,-0.21448034,-48.6995239
597,15.784000,-0.202980489,-48.385601
598,15.807000,-0.191480637,-48.7174416
599,15.831000,-0.179480791,-48.4611206
600,15.870000,-0.159981042,-48.6789169
601,15.893000,-0.147981197,-48.6360779
602,15.920000,-0.134981364,-48.4911041
603,15.952000,-0.118981473,-48.6795883
604,15.975000,-0.10748145,-48.4079895
605,16.005000,-0.0929814205,-48.8848877
606,16.028000,-0.0809813961,-48.4574814
607,16.056000,-0.0659813657,-48.5925789
608,16.083000,-0.0534813404,-48.4029922
609,16.109000,-0.0404813141,-47.6879692
610,16.135000,-0.0274813026,-47.8093834
611,16.166000,-0.0119813215,-46.7453346
612,16.196000,0.00351868081,-46.33255
613,16.220000,0.015018682,-45.4668312
614,16.243000,0.0270186625,-44.6698952
615,16.267000,0.0385186709,-44.6277084
616,16.291000,0.0505186953,-43.676548
617,16.315000,0.0625187159,-42.2901306
618,16.338000,0.0740187392,-42.1235199
619,16.366000,0.0875187665,-41.4000549
620,16.397000,0.103518799,-40.1978378
621,16.424000,0.117518827,-39.3920441
622,16.462000,0.136018693,-37.572094
623,16.486000,0.147518545,-36.7531929
624,16.508000,0.159018397,-35.965992
625,16.531000,0.171018243,-34.6484795
626,16.555000,0.182518095,-33.4104996
627,16.578000,0.194017947,-32.4091492
628,16.606000,0.208017766,-31.0267639
629,16.635000,0.223017573,-29.2793655
630,16.659000,0.234517425,-27.967104
631,16.694000,0.2520172,-26.078949
632,16.718000,0.264017045,-24.8995018
633,16.740000,0.275516897,-23.3043022
634,16.764000,0.287016749,-21.6120815
635,16.788000,0.299016595,-20.1849537
636,16.812000,0.31101644,-18.6782875
637,16.839000,0.324516267,-16.9525013
638,16.866000,0.338016093,-15.1190424
639,16.894000,0.352015913,-13.1704435
640,16.924000,0.367515713,-10.8483162
641,16.958000,0.384015501,-8.26272964
642,16.982000,0.396015346,-6.400455
643,17.007000,0.408015192,-4.59551144
644,17.030000,0.420015037,-2.7861371
645,17.053000,0.432014883,-0.815804064
646,17.076000,0.443514735,1.04000068
647,17.103000,0.456514567,2.68101478
648,17.130000,0.470014393,4.22267056
649,17.153000,0.481514245,5.54269505
650,17.193000,0.501514077,8.0418005
651,17.218000,0.514014661,9.57952404
652,17.241000,0.525515199,11.0835085
653,17.265000,0.537515759,12.7835102
654,17.288000,0.549016297,14.2392769
655,17.311000,0.560516834,15.8723507
656,17.336000,0.573017418,17.6612415
657,17.372000,0.590518236,20.1183414
658,17.394000,0.602018774,21.7457371
659,17.421000,0.615519404,24.0207329
660,17.448000,0.629020035,26.296711
661,17.472000,0.641020596,28.0084057
662,17.495000,0.652521133,29.8423233
663,17.518000,0.664021671,31.9601574
664,17.542000,0.676522255,34.2347946
665,17.566000,0.687522769,35.9984169
666,17.592000,0.7010234,37.9686775
667,17.618000,0.714524031,40.9045067
668,17.641000,0.726024568,42.9182739
669,17.665000,0.737525105,44.7064667
670,17.693000,0.752025783,47.2383156
671,17.718000,0.764526367,47.8669205
672,17.748000,0.778527021,48.1155014
673,17.771000,0.790527582,48.461441
674,17.795000,0.80202812,48.2007027
675,17.818000,0.81402868,48.4538078
676,17.841000,0.825529218,48.669384
677,17.869000,0.839529872,48.3710709
678,17.892000,0.851030409,48.6700478
679,17.921000,0.865031064,48.4790497
680,17.946000,0.878031671,48.4970169
681,17.975000,0.892032325,48.5490875
682,17.997000,0.903532863,48.3690109
683,18.020000,0.9150334,48.6853943
684,18.044000,0.927033961,48.5753174
685,18.068000,0.939034522,48.463398
686,18.096000,0.953035176,48.7056847
687,18.125000,0.967535853,48.3501892
688,18.149000,0.979536414,48.7045135
689,18.184000,0.997037232,48.340847
690,18.208000,0.990999579,48.6476021
691,18.231000,0.979499042,48.6664391
692,18.261000,0.964498341,48.4964142
693,18.283000,0.953497827,48.6307335
694,18.307000,0.941497266,48.5110016
695,18.331000,0.928996682,48.4800529
696,18.358000,0.915496051,48.6700592
697,18.385000,0.902495444,48.3860207
698,18.413000,0.888994813,48.6306992
699,18.446000,0.872494042,48.2822189
700,18.469000,0.859993458,48.7054443
701,18.494000,0.847992897,48.5661736
702,18.517000,0.83649236,48.4562416
703,18.543000,0.823991776,48.6280327
704,18.566000,0.811991215,48.4764328
705,18.595000,0.797490537,48.6623917
706,18.624000,0.78298986,48.5516014
707,18.653000,0.768489182,48.4829292
708,18.683000,0.753488481,48.6534462
709,18.707000,0.74148792,48.3350143
710,18.731000,0.729987383,48.6993256
711,18.760000,0.714986682,48.5231171
712,18.783000,0.703486145,48.4978256
713,18.807000,0.691485584,48.70858
714,18.831000,0.678985,48.2984962
715,18.873000,0.658984065,48.7230988
716,18.900000,0.645483434,48.274147
717,18.936000,0.62698257,48.7084122
718,18.959000,0.615482032,48.3407288
719,18.982000,0.603981495,48.5741501
720,19.005000,0.592480958,48.6868324
721,19.029000,0.580480397,48.2889252
722,19.052000,0.568979859,48.746376
723,19.075000,0.557479322,48.5661659
724,19.102000,0.543978691,48.4634476
725,19.137000,0.526477873,48.6464844
726,19.161000,0.513977289,48.3711853
727,19.188000,0.500476658,48.6132393
728,19.216000,0.486976832,48.4267578
729,19.242000,0.473977,48.6697083
730,19.266000,0.461977154,48.6359901
731,19.289000,0.450477302,48.3223953
732,19.313000,0.437977463,48.6844826
733,19.341000,0.424477637,48.5082932
734,19.372000,0.408977836,48.6472168
735,19.403000,0.393478036,48.5255852
736,19.430000,0.37997821,48.5164032
737,19.453000,0.368478358,48.7383652
738,19.476000,0.356478512,48.3184509
739,19.500000,0.344478667,48.6497421
740,19.526000,0.332478821,48.6442108
741,19.552000,0.318978995,48.4611168
742,19.582000,0.303979188,48.6861687
743,19.606000,0.291979343,48.328125
744,19.632000,0.27897951,48.6906166
745,19.660000,0.26497969,48.5253029
746,19.684000,0.252479851,48.4671326
747,19.708000,0.240979999,48.654335
748,19.732000,0.228980154,48.4612656
749,19.756000,0.216980308,48.4818039
750,19.783000,0.202980489,48.6486092
751,19.810000,0.189980656,48.4059029
752,19.833000,0.178480804,48.6616211
753,19.856000,0.166980952,48.5407104
754,19.897000,0.146481216,48.6682854
755,19.920000,0.134981364,48.5551224
756,19.944000,0.122981481,48.5348396
757,19.968000,0.110981457,48.7756081
758,19.992000,0.0989814326,48.4002151
759,20.016000,0.0869814083,48.6138954
760,20.044000,0.0729813799,48.5669098
761,20.074000,0.0579813495,48.4952049
762,20.098000,0.0459813252,48.3161163
763,20.128000,0.0309812967,47.4007721
764,20.157000,0.0164813213,47.3439865
765,20.180000,0.00498132035,46.5596199
766,20.210000,-0.0100186812,45.9048386
767,20.233000,-0.0215186719,45.593914
768,20.257000,-0.0335186608,44.4548378
769,20.284000,-0.0475186892,44.1152611
770,20.321000,-0.0655187219,42.867878
771,20.349000,-0.0790187493,41.4485321
772,20.376000,-0.0930187777,41.3524551
773,20.407000,-0.108518809,39.907814
774,20.432000,-0.121518835,39.107254
775,20.456000,-0.133018732,38.338501
776,20.480000,-0.145018578,37.1382141
777,20.503000,-0.15651843,36.0825233
778,20.529000,-0.170018256,35.2582474
779,20.554000,-0.182018101,34.041954
780,20.577000,-0.193517953,32.7089272
781,20.609000,-0.209517747,31.166975
782,20.641000,-0.225517541,29.5476799
783,20.666000,-0.23801738,28.0170841
784,20.690000,-0.249517232,26.6361389
785,20.718000,-0.264017045,25.0298424
786,20.742000,-0.276016891,23.8080502
787,20.767000,-0.289016724,22.2518177
788,20.794000,-0.30251655,20.2701874
789,20.825000,-0.317516357,18.3205833
790,20.856000,-0.333016157,16.236002
791,20.884000,-0.347015977,14.4083862
792,20.907000,-0.359015822,12.7827024
793,20.930000,-0.370015681,11.0251694
794,20.954000,-0.382015526,9.2028656
795,20.979000,-0.394515365,7.34283209
796,21.002000,-0.406015217,5.73450327
797,21.026000,-0.418015063,3.74488902
798,21.050000,-0.430014908,1.92973626
799,21.074000,-0.442014754,0.146754086
800,21.098000,-0.454014599,-1.20330954
801,21.121000,-0.466014445,-2.44242525
802,21.145000,-0.477514297,-3.85044289
803,21.170000,-0.490014136,-5.31960773
804,21.194000,-0.501514077,-6.7824893
805,21.217000,-0.513514638,-8.2706356
806,21.241000,-0.525515199,-9.8736124
807,21.264000,-0.537015736,-11.480031
808,21.292000,-0.551516414,-13.2447672
809,21.316000,-0.563016951,-14.9677792
810,21.340000,-0.575017512,-16.5241489
811,21.364000,-0.587018073,-18.3681107
812,21.387000,-0.59851861,-19.973362
813,21.410000,-0.610019147,-21.8966942
814,21.433000,-0.621519685,-23.7257481
815,21.456000,-0.633020222,-25.5202427
816,21.479000,-0.645020783,-27.0448265
817,21.504000,-0.657021344,-29.2581367
818,21.528000,-0.669521928,-31.470232
819,21.551000,-0.681022465,-33.4210663
820,21.575000,-0.692523003,-35.2463531
821,21.598000,-0.70402354,-37.122261
822,21.621000,-0.715524077,-39.5456886
823,21.644000,-0.727024615,-41.73489
824,21.669000,-0.739525199,-43.6913986
825,21.692000,-0.751025736,-45.9453239
826,21.714000,-0.762526274,-47.5298271
827,21.739000,-0.774526834,-47.7150383
828,21.763000,-0.786027372,-48.3351631
829,21.797000,-0.80352819,-48.1704979
830,21.825000,-0.817528844,-48.5237274
831,21.852000,-0.830529451,-48.4328194
832,21.878000,-0.844030082,-48.5108528
833,21.902000,-0.856030643,-48.6177368
834,21.929000,-0.86903125,-48.3232498
835,21.953000,-0.881531835,-48.567276
836,21.977000,-0.893532395,-48.6675682
837,22.001000,-0.905532956,-48.363266
838,22.024000,-0.917533517,-48.790493
839,22.047000,-0.929034054,-48.4059258
840,22.074000,-0.941534638,-48.5353203
841,22.097000,-0.953535199,-48.7053375
842,22.137000,-0.973536134,-48.5480118
843,22.162000,-0.985536695,-48.6682396
844,22.184000,-0.997537255,-48.3306046
845,22.208000,-0.990499556,-48.5702209
846,22.233000,-0.978498995,-48.7123833
847,22.256000,-0.966998458,-48.3939705
848,22.284000,-0.952997804,-48.7726593
849,22.309000,-0.94049722,-48.2974586
850,22.334000,-0.927996635,-48.5535889
851,22.384000,-0.902995467,-48.3568077
852,22.407000,-0.89149493,-48.6314697
853,22.431000,-0.879494369,-48.5659752
854,22.455000,-0.866993785,-48.3529167
855,22.479000,-0.855493248,-48.8154526
856,22.503000,-0.843492687,-48.402401
857,22.528000,-0.830992103,-48.5745277
858,22.555000,-0.817491472,-48.66465
859,22.587000,-0.801490724,-48.4872971
860,22.625000,-0.782489836,-48.6357956
861,22.654000,-0.767989159,-48.54319
862,22.677000,-0.756488621,-48.7159615
863,22.701000,-0.743988037,-48.3278236
864,22.725000,-0.7324875,-48.5724792
865,22.752000,-0.718986869,-48.6650581
866,22.780000,-0.704986215,-48.4223862
867,22.811000,-0.68948549,-48.6733131
868,22.834000,-0.677984953,-48.3585091
869,22.887000,-0.651483715,-48.4981995
870,22.911000,-0.639483154,-48.5254555
871,22.935000,-0.627482593,-48.7310638
872,22.958000,-0.615982056,-48.3246803
873,22.981000,-0.604481518,-48.5870667
874,23.005000,-0.592980981,-48.6755981
875,23.034000,-0.57798028,-48.3818016
876,23.064000,-0.562979579,-48.7224007
877,23.087000,-0.550979018,-48.3407059
878,23.118000,-0.535978317,-48.6979218
879,23.147000,-0.52147764,-48.4236717
880,23.170000,-0.509977102,-48.5628586
881,23.193000,-0.498476684,-48.7355156
882,23.217000,-0.486476839,-48.3599472
883,23.241000,-0.474476993,-48.5601196
884,23.268000,-0.460977167,-48.6973
885,23.295000,-0.447477341,-48.3712654
886,23.322000,-0.433977515,-48.7311325
887,23.345000,-0.421977669,-48.309166
888,23.386000,-0.401977926,-48.7658005
889,23.410000,-0.389978081,-48.3797112
890,23.432000,-0.378978223,-48.5766945
891,23.456000,-0.366978377,-48.6461411
892,23.485000,-0.35197857,-48.3092041
893,23.507000,-0.340978712,-48.6781273
894,23.533000,-0.328478873,-48.5179291
895,23.557000,-0.316979021,-48.4924469
896,23.591000,-0.299479246,-48.6404495
897,23.617000,-0.28597942,-48.3100586
898,23.654000,-0.267979652,-48.726944
899,23.678000,-0.255479813,-48.39431
900,23.705000,-0.24247998,-48.7574921
901,23.728000,-0.230980128,-48.413559
902,23.756000,-0.216480315,-48.5699577
903,23.782000,-0.203980476,-48.7401733
904,23.817000,-0.186480701,-48.5606842
905,23.867000,-0.161481023,-48.3607445
906,23.892000,-0.14848119,-48.6347618
907,23.918000,-0.135981351,-48.7002449
908,23.941000,-0.123481482,-48.5241928
909,23.972000,-0.108981453,-48.7532234
910,23.995000,-0.0974814296,-48.432457
911,24.019000,-0.0854814053,-48.6374741
912,24.048000,-0.0709813759,-48.5549927
913,24.076000,-0.0574813485,-48.4097023
914,24.099000,-0.0454813242,-48.2986641
915,24.131000,-0.0294812992,-47.3074799
916,24.158000,-0.0159813222,-47.2979317
917,24.182000,-0.00398132019,-46.3357811
918,24.205000,0.00751868123,-45.8284912
919,24.228000,0.0190186761,-45.593605
920,24.253000,0.0310186557,-44.4419937
921,24.279000,0.0450186841,-43.9388504
922,24.307000,0.0585187115,-43.3041687
923,24.330000,0.0700187311,-41.9126205
924,24.363000,0.0865187645,-41.431179
925,24.389000,0.0995187908,-40.5734138
926,24.412000,0.111518815,-39.4666672
927,24.438000,0.12401884,-38.7240334
928,24.462000,0.136018693,-37.7047195
929,24.486000,0.147518545,-36.483448
930,24.509000,0.159018397,-35.4410782
931,24.535000,0.172518224,-34.5319977
932,24.561000,0.185518056,-33.2315445
933,24.584000,0.197017908,-31.8721542
934,24.628000,0.219017625,-29.7242794
935,24.652000,0.230517477,-28.5908413
936,24.675000,0.243017316,-27.0753403
937,24.699000,0.254517168,-25.6380138
938,24.723000,0.266517013,-24.3122959
939,24.747000,0.278516859,-22.8553295
940,24.770000,0.289516717,-21.6109371
941,24.797000,0.303516537,-19.6764774
942,24.824000,0.31651637,-17.7750359
943,24.847000,0.328516215,-16.2376099
944,24.877000,0.343516022,-14.1813688
945,24.912000,0.361015797,-11.7008924
946,24.936000,0.373015642,-9.83618355
947,24.960000,0.384515494,-8.22546959
948,24.983000,0.39651534,-6.3754735
949,25.007000,0.409015179,-4.51361656
950,25.034000,0.422515005,-2.26127958
951,25.062000,0.436014831,-0.406003237
952,25.090000,0.450014651,1.34058368
953,25.129000,0.4695144,3.64328742
954,25.152000,0.481514245,5.04519987
955,25.176000,0.493014097,6.4007988
956,25.200000,0.505014241,7.84946632
957,25.225000,0.517014802,9.53525639
958,25.249000,0.529515386,11.1261826
959,25.273000,0.541515946,12.6494513
960,25.300000,0.555016577,14.5830479
961,25.327000,0.568517208,16.2766876
962,25.351000,0.580517769,18.1912327
963,25.375000,0.59251833,19.9907646
964,25.410000,0.610019147,22.5900173
965,25.434000,0.622019708,24.5641079
966,25.458000,0.634020269,26.3995228
967,25.488000,0.64902097,28.9123192
968,25.513000,0.661521554,31.126276
969,25.540000,0.675022185,33.1718826
970,25.567000,0.688022792,35.2837143
971,25.589000,0.69952333,37.7591972
972,25.640000,0.725024521,42.0106621
973,25.664000,0.737025082,44.4507828
974,25.689000,0.749025643,46.7814789
975,25.713000,0.761026204,47.3832169
976,25.737000,0.773526788,48.1950188
977,25.767000,0.788527489,48.2756081
978,25.794000,0.80202812,48.2879791
979,25.826000,0.818028867,48.5247192
980,25.876000,0.843030035,48.5809708
981,25.899000,0.854530573,48.5249672
982,25.924000,0.867031157,48.4476891
983,25.948000,0.879031718,48.6860046
984,25.971000,0.891032279,48.3158798
985,25.995000,0.902532816,48.6691856
986,26.020000,0.9150334,48.646553
987,26.046000,0.928534031,48.4589348
988,26.073000,0.941534638,48.6521225
989,26.101000,0.956035316,48.2837105
990,26.143000,0.976036251,48.7582932
991,26.166000,0.988036811,48.3385201
992,26.195000,0.997499883,48.6867065
993,26.219000,0.985499322,48.5401993
994,26.248000,0.970998645,48.5316391
995,26.272000,0.958498061,48.7457352
996,26.300000,0.94499743,48.3215599
997,26.325000,0.932496846,48.6549301
998,26.351000,0.919996262,48.5376358
999,26.386000,0.90199542,48.7380333
1000,26.415000,0.887994766,48.557766
1001,26.438000,0.875994205,48.4693527
1002,26.466000,0.861993551,48.730896
1003,26.491000,0.849492967,48.279541
1004,26.515000,0.837492406,48.7406921
1005,26.542000,0.823491752,48.5426559
1006,26.577000,0.805990934,48.6841812
1007,26.601000,0.79499042,48.6613884
1008,26.625000,0.782489836,48.3688965
1009,26.651000,0.769489229,48.631443
1010,26.682000,0.753488481,48.2832184
1011,26.706000,0.741987944,48.6997986
1012,26.730000,0.729987383,48.5991554
1013,26.755000,0.717486799,48.4056282
1014,26.783000,0.703486145,48.6580315
1015,26.813000,0.688485444,48.2673645
1016,26.850000,0.670484602,48.6524544
1017,26.877000,0.656983972,48.2832489
1018,26.900000,0.644983411,48.6643791
1019,26.924000,0.63298285,48.6338234
1020,26.947000,0.620982289,48.3197861
1021,26.971000,0.609481752,48.6842003
1022,26.994000,0.597981215,48.5108032
1023,27.022000,0.584480584,48.4650764
1024,27.045000,0.572480023,48.7058029
1025,27.076000,0.556979299,48.2689056
1026,27.104000,0.542978644,48.6436081
1027,27.131000,0.529478014,48.4415436
1028,27.158000,0.515977383,48.6277008
1029,27.183000,0.502976775,48.6291084
1030,27.207000,0.491476774,48.3562546
1031,27.231000,0.479476929,48.6485977
1032,27.256000,0.46697709,48.5206528
1033,27.283000,0.453477263,48.5167618
1034,27.307000,0.441477418,48.7267799
1035,27.331000,0.429977566,48.2995949
1036,27.364000,0.412977785,48.6135559
1037,27.395000,0.397477984,48.2825317
1038,27.418000,0.385978132,48.7079201
1039,27.442000,0.373478293,48.6010056
1040,27.466000,0.361978441,48.3196678
1041,27.489000,0.349978596,48.655323
1042,27.513000,0.33797875,48.5229759
1043,27.541000,0.324478924,48.5164604
1044,27.576000,0.30697915,48.5715599
1045,27.603000,0.293479323,48.48246
1046,27.635000,0.277479529,48.6445503
1047,27.659000,0.265979677,48.3886299
1048,27.682000,0.253479838,48.670208
1049,27.707000,0.241479993,48.5400391
1050,27.730000,0.229980141,48.4504128
1051,27.754000,0.217480302,48.6691589
1052,27.777000,0.206480443,48.4586639
1053,27.805000,0.192480624,48.67173
1054,27.828000,0.180980772,48.6875153
1055,27.878000,0.155981094,48.6853943
1056,27.900000,0.144981235,48.5752678
1057,27.925000,0.132481396,48.5547981
1058,27.949000,0.120481476,48.7912903
1059,27.972000,0.108981453,48.4670105
1060,27.995000,0.0979814306,48.6165733
1061,28.018000,0.0859814063,48.7958374
1062,28.041000,0.074481383,48.337471
1063,28.067000,0.0614813566,48.810154
1064,28.094000,0.0479813293,48.2145271
1065,28.120000,0.0349813029,47.7952843
1066,28.147000,0.0214813128,47.5807724
1067,28.171000,0.00948132109,46.6116295
1068,28.196000,-0.00301868073,46.4914589
1069,28.218000,-0.0145186819,45.8576851
1070,28.242000,-0.0260186642,44.7160492
1071,28.267000,-0.0385186709,44.7720642
1072,28.294000,-0.0520186983,43.8634682
1073,28.325000,-0.067518726,42.3037491
1074,28.360000,-0.0850187615,41.9114494
1075,28.389000,-0.0995187908,40.475296
1076,28.413000,-0.111518815,40.0079956
1077,28.436000,-0.123018838,39.0897942
1078,28.460000,-0.135018706,37.9073334
1079,28.484000,-0.147018552,36.9114609
1080,28.508000,-0.159018397,36.1375084
1081,28.532000,-0.170518249,34.9630966
1082,28.566000,-0.188018024,33.1507721
1083,28.593000,-0.20151785,32.1639404
1084,28.625000,-0.217517644,30.3434868
1085,28.648000,-0.229017496,29.061203
1086,28.672000,-0.241017342,27.696312
1087,28.695000,-0.252517194,26.5607491
1088,28.718000,-0.264017045,25.0700588
1089,28.741000,-0.275516897,23.7636566
1090,28.766000,-0.288016737,22.1872406
1091,28.793000,-0.301516563,20.269722
1092,28.818000,-0.314016402,18.8896866
1093,28.842000,-0.326016247,17.3544617
1094,28.869000,-0.339516073,15.3862762
1095,28.894000,-0.352515906,13.5483084
1096,28.922000,-0.366515726,11.4797554
1097,28.952000,-0.381015539,9.36004829
1098,28.976000,-0.392515391,7.56497717
1099,29.000000,-0.404515237,5.76991081
1100,29.026000,-0.418515056,3.53277111
1101,29.062000,-0.436014831,0.934889376
1102,29.086000,-0.447514683,-0.641204238
1103,29.125000,-0.468514413,-2.84347606
1104,29.149000,-0.480014265,-4.16677856
1105,29.172000,-0.491014123,-5.60108614
1106,29.196000,-0.503014147,-6.96002293
1107,29.220000,-0.515514731,-8.58206749
1108,29.245000,-0.527015269,-10.137969
1109,29.271000,-0.5405159,-11.8990202
1110,29.299000,-0.554516554,-13.7764053
1111,29.322000,-0.566017091,-15.4337387
1112,29.346000,-0.578017652,-17.0127831
1113,29.391000,-0.600518703,-20.2359734
1114,29.415000,-0.613019288,-22.1214027
1115,29.439000,-0.624519825,-24.1620712
1116,29.463000,-0.636520386,-26.1308937
1117,29.487000,-0.648520947,-27.982666
1118,29.510000,-0.660021484,-29.5239124
1119,29.538000,-0.673522115,-31.993763
1120,29.569000,-0.689022839,-35.0965118
1121,29.596000,-0.703023493,-37.1166725
1122,29.622000,-0.716524124,-39.5330353
1123,29.646000,-0.728024662,-42.0375443
1124,29.671000,-0.740025222,-44.0150871
1125,29.693000,-0.75152576,-45.8418541
1126,29.724000,-0.766526461,-47.7813835
1127,29.748000,-0.778527021,-47.8488235
1128,29.772000,-0.791027606,-48.2537498
1129,29.800000,-0.804528236,-48.4227867
1130,29.831000,-0.820528984,-48.4178772
1131,29.859000,-0.834529638,-48.6209106
1132,29.898000,-0.85403055,-48.5105286
1133,29.922000,-0.865531087,-48.6332474
1134,29.945000,-0.877531648,-48.3106155
1135,29.969000,-0.890032232,-48.5398254
1136,29.993000,-0.901532769,-48.7120819
1137,30.017000,-0.91353333,-48.364357
1138,30.044000,-0.927533984,-48.7706146
1139,30.071000,-0.940034568,-48.3406143
1140,30.093000,-0.951535106,-48.5884895
1141,30.124000,-0.96703583,-48.6505661
1142,30.148000,-0.979036391,-48.378334
1143,30.171000,-0.991036952,-48.77005
1144,30.195000,-0.997499883,-48.3903809
1145,30.219000,-0.985499322,-48.5252151
1146,30.242000,-0.973998785,-48.7528076
1147,30.268000,-0.961498201,-48.429966
1148,30.304000,-0.94349736,-48.7786598
1149,30.329000,-0.930996776,-48.3414383
1150,30.355000,-0.917496145,-48.554966
1151,30.383000,-0.903495491,-48.6647339
1152,30.406000,-0.891994953,-48.3469124
1153,30.429000,-0.880494416,-48.737442
1154,30.453000,-0.868493855,-48.406208
1155,30.480000,-0.855493248,-48.5474815
1156,30.510000,-0.839992523,-48.6972504
1157,30.538000,-0.825991869,-48.3609924
1158,30.565000,-0.812491238,-48.7310715
1159,30.588000,-0.800990701,-48.3270111
1160,30.613000,-0.787990093,-48.5550079
1161,30.637000,-0.776489556,-48.7142181
1162,30.666000,-0.761488855,-48.4083328
1163,30.690000,-0.749988317,-48.7828331
1164,30.719000,-0.734987617,-48.3446007
1165,30.748000,-0.720986962,-48.5824509
1166,30.776000,-0.706986308,-48.5027008
1167,30.798000,-0.695485771,-48.4583817
1168,30.840000,-0.675484836,-48.3891487
1169,30.864000,-0.662984252,-48.5226593
1170,30.888000,-0.651483715,-48.7873039
1171,30.912000,-0.639483154,-48.413475
1172,30.935000,-0.627482593,-48.5745201
1173,30.960000,-0.614982009,-48.657589
1174,30.989000,-0.600481331,-48.2930641
1175,31.016000,-0.5869807,-48.7880859
1176,31.062000,-0.564479649,-48.5802803
1177,31.085000,-0.552479088,-48.66782
1178,31.108000,-0.540978551,-48.3424263
1179,31.132000,-0.52897799,-48.5698547
1180,31.155000,-0.517477453,-48.729187
1181,31.180000,-0.504976869,-48.3694267
1182,31.206000,-0.492476761,-48.7399521
1183,31.228000,-0.480476916,-48.4233284
1184,31.254000,-0.467977077,-48.5653687
1185,31.279000,-0.455477238,-48.7053375
1186,31.302000,-0.442977399,-48.430172
1187,31.336000,-0.426977605,-48.7779388
1188,31.362000,-0.413977772,-48.3265686
1189,31.387000,-0.401977926,-48.5543785
1190,31.410000,-0.389478087,-48.6911583
1191,31.440000,-0.374978274,-48.3472977
1192,31.467000,-0.361478448,-48.7683907
1193,31.494000,-0.347978622,-48.3304977
1194,31.520000,-0.334978789,-48.5527992
1195,31.549000,-0.320478976,-48.5867805
1196,31.580000,-0.305479169,-48.5333138
1197,31.604000,-0.29297933,-48.631424
1198,31.627000,-0.281479478,-48.3755608
1199,31.651000,-0.269979626,-48.5546646
1200,31.675000,-0.25797978,-48.6797447
1201,31.697000,-0.246479928,-48.3645744
1202,31.721000,-0.234480083,-48.720047
1203,31.748000,-0.220980257,-48.3033676
1204,31.775000,-0.207480431,-48.5872879
1205,31.799000,-0.195480585,-48.725296
1206,31.840000,-0.174980849,-48.5775909
1207,31.865000,-0.16248101,-48.6447411
1208,31.888000,-0.150981158,-48.3604813
1209,31.912000,-0.139481306,-48.5999069
1210,31.934000,-0.127481461,-48.7001953
1211,31.960000,-0.114981465,-48.4155731
1212,31.989000,-0.100481436,-48.7379761
1213,32.015000,-0.0874814093,-48.4105721
1214,32.041000,-0.074481383,-48.6819305
1215,32.066000,-0.0624813586,-48.6187363
1216,32.101000,-0.0444813222,-48.1047859
1217,32.125000,-0.0319812968,-47.7859879
1218,32.149000,-0.0204813145,-46.9960518
1219,32.173000,-0.00848132093,-46.926815
1220,32.197000,0.00301868073,-46.2660942
1221,32.219000,0.0145186819,-45.3003922
1222,32.246000,0.0280186608,-45.1545029
1223,32.273000,0.042018678,-43.9658127
1224,32.297000,0.0530187003,-43.367382
1225,32.324000,0.067018725,-42.8492241
1226,32.351000,0.0805187523,-41.6285019
1227,32.377000,0.0935187787,-41.0409546
1228,32.400000,0.105018802,-40.3009644
1229,32.425000,0.117018826,-39.0311508
1230,32.449000,0.129018784,-38.1723061
1231,32.475000,0.14251861,-37.4111366
1232,32.502000,0.156018436,-35.9283218
1233,32.527000,0.168018281,-34.7311592
1234,32.567000,0.188518018,-33.2062531
1235,32.592000,0.201017857,-31.8178196
1236,32.615000,0.212517709,-30.4194107
1237,32.639000,0.224517554,-29.2792206
1238,32.662000,0.236017406,-28.1323967
1239,32.685000,0.247517258,-26.7826614
1240,32.709000,0.259517103,-25.2127438
1241,32.744000,0.276516885,-23.1176605
1242,32.775000,0.292016685,-21.2971306
1243,32.801000,0.306016505,-19.6735153
1244,32.833000,0.322016299,-17.4234161
1245,32.857000,0.333516151,-15.7523088
1246,32.881000,0.345016003,-13.9549866
1247,32.904000,0.357015848,-12.4858389
1248,32.931000,0.370515674,-10.3975353
1249,32.960000,0.385015488,-8.14094257
1250,32.993000,0.402515262,-5.57564306
1251,33.026000,0.418015063,-3.32862592
1252,33.049000,0.429514915,-1.16487122
1253,33.072000,0.441014767,0.688660443
1254,33.100000,0.455014586,2.54137635
1255,33.123000,0.466514438,3.85915995
1256,33.146000,0.47801429,5.24972582
1257,33.169000,0.489514142,6.52388573
1258,33.195000,0.503014147,8.12957954
1259,33.229000,0.519014895,10.324789
1260,33.252000,0.531015456,11.829277
1261,33.276000,0.543016016,13.2799463
1262,33.306000,0.558016717,15.4572067
1263,33.334000,0.572017372,17.5673656
1264,33.359000,0.584017932,19.40312
1265,33.389000,0.599518657,21.6183262
1266,33.428000,0.619019568,24.5143585
1267,33.453000,0.631020129,26.5736389
1268,33.479000,0.64452076,28.874855
1269,33.506000,0.658521414,31.0277481
1270,33.530000,0.670021951,32.7229004
1271,33.555000,0.682522535,35.085186
1272,33.578000,0.694023073,37.3053894
1273,33.602000,0.706023633,39.3049927
1274,33.626000,0.718024194,41.1320801
1275,33.649000,0.729524732,43.8056107
1276,33.684000,0.747025549,46.4726944
1277,33.712000,0.76052618,47.7152863
1278,33.748000,0.779027045,48.1383438
1279,33.772000,0.791027606,48.2375832
1280,33.796000,0.803028166,48.5662727
1281,33.820000,0.815028727,48.1747665
1282,33.844000,0.827029288,48.6497078
1283,33.871000,0.840529919,48.5363617
1284,33.899000,0.854530573,48.4127731
1285,33.922000,0.86603111,48.6563454
1286,33.948000,0.879031718,48.2672462
1287,33.983000,0.896532536,48.6087379
1288,34.007000,0.908533096,48.4961052
1289,34.031000,0.920533657,48.4447136
1290,34.054000,0.932034194,48.6882477
1291,34.078000,0.944034755,48.2984848
1292,34.105000,0.957535386,48.7414818
1293,34.132000,0.971036017,48.5750389
1294,34.155000,0.982536554,48.4140549
1295,34.180000,0.994537115,48.6372337
1296,34.210000,0.990499556,48.2601967
1297,34.237000,0.975998878,48.6553802
1298,34.261000,0.964498341,48.5400276
1299,34.288000,0.95099771,48.4448471
1300,34.312000,0.938997149,48.705986
1301,34.336000,0.927496612,48.3055038
1302,34.362000,0.913995981,48.7256241
1303,34.388000,0.901495397,48.5467796
1304,34.410000,0.88999486,48.4382133
1305,34.442000,0.874494135,48.7052841
1306,34.474000,0.857493341,48.423954
1307,34.499000,0.84549278,48.6477928
1308,34.523000,0.833492219,48.5079918
1309,34.547000,0.821491659,48.4655495
1310,34.571000,0.809991121,48.7060089
1311,34.594000,0.798490584,48.3278351
1312,34.622000,0.783989906,48.7451401
1313,34.647000,0.771489322,48.5537643
1314,34.670000,0.759988785,48.4489479
